<?xml version="1.0" encoding="utf-8"?> 
<!-- 
  Synopsys, Inc.
  Version I-2014.03LC 
  Project file C:\users\bragesae\documents\byggern\galic\galic\syntmp\run_option.xml
  Written on Tue Sep 20 18:51:01 2016


--> 
<project_attribute_list name="Project Settings"> 
     <option name="project_name" display_name="Project Name">address_decoder</option>
     <option name="impl_name" display_name="Implementation Name">galic</option>
     <option name="top_module" display_name="Top Module">address_decoder</option>
     <option name="resource_sharing" display_name="Resource Sharing">1</option>
     <option name="disable_io_insertion" display_name="Disable I/O Insertion">0</option>
     <option name="symbolic_fsm_compiler" display_name="FSM Compiler">1</option>
</project_attribute_list>

